Iteration,FreeHeap
0,335016
1,334744
2,334596
3,334516
4,334096
5,334320
6,334204
7,334028
8,333848
9,333784
10,333492
11,333396
12,333264
13,332880
14,332364
15,332804
16,332416
17,332560
18,332076
19,332268
20,332008
21,332152
22,331828
23,331732
24,331280
25,331456
26,330940
27,331324
28,331240
29,331000
30,330912
31,330796
32,330328
33,330680
34,330372
35,330524
36,330288
37,330168
38,329980
39,330068
40,329728
41,329568
42,329316
43,329404
44,329016
45,328920
46,328692
47,328612
48,328256
49,328096
50,327992
51,327844
52,327328
53,327640
54,327412
55,327140
56,326704
57,326656
58,326172
59,326452
60,326000
61,326200
62,326044
63,326116
64,325968
65,325776
66,325500
67,325688
68,325332
69,325188
70,324704
71,324688
72,324592
73,324364
74,324024
75,324008
76,323636
77,323492
78,323152
79,323288
80,322820
81,323184
82,322996
83,323092
84,322952
85,322888
86,322420
87,322404
88,322096
89,322048
90,321676
91,321828
92,321724
93,321568
94,321132
95,321340
96,321192
97,321136
98,320796
99,320964
100,320656
101,320512
102,320372
103,320172
104,319736
105,319936
106,319516
107,319612
108,319096
109,319208
110,318868
111,319092
112,319020
113,318952
114,318596
115,318820
116,318320
117,318480
118,318028
119,318268
120,317864
121,318180
122,317744
123,317840
124,317660
125,317620
126,317152
127,317296
128,317188
129,317068
130,316872
131,316584
132,316084
133,316276
134,315888
135,315776
136,315420
137,315420
138,314968
139,315000
140,314788
141,314500
142,314312
143,314160
144,313676
145,313852
146,313560
147,313496
148,313396
149,313380
150,313184
151,312960
152,312668
153,312572
154,312216
155,312448
156,312348
157,312284
158,311896
159,311960
160,311852
161,311604
162,311440
163,311088
164,310572
165,310924
166,310568
167,310696
168,310244
169,310372
170,310208
171,309856
172,309468
173,309660
174,309584
175,309336
176,309012
177,309124
178,309008
179,309056
180,308980
181,308796
182,308712
183,308408
184,308276
185,308228
186,307712
187,308000
188,307676
189,307884
190,307528
191,307760
192,307692
193,307564
194,307464
195,307444
196,307280
197,306928
198,306460
199,306676
200,306520
201,306400
202,306244
203,306180
204,306024
205,305664
206,305164
207,305576
208,305204
209,305124
210,304784
211,304816
212,304580
213,304596
214,304336
215,304112
216,303708
217,303756
218,303320
219,303272
220,302884
221,303172
222,302720
223,302896
224,302652
225,302724
226,302576
227,302612
228,302128
229,302484
230,302112
231,302208
232,301868
233,302092
234,302000
235,301624
236,301460
237,301252
238,301008
239,300768
240,300332
241,300316
242,299992
243,299880
244,299476
245,299396
246,299264
247,299168
248,298796
249,298748
250,298440
251,298472
252,298372
253,298268
254,297752
255,297944
256,297700
257,297740
258,297664
259,297448
260,297044
261,297012
262,296640
263,296720
264,296236
265,296252
266,295976
267,296032
268,295756
269,295596
270,295320
271,295096
272,294940
273,294772
274,294352
275,294304
276,293788
277,294124
278,293960
279,293624
280,293404
281,293188
282,292944
283,292968
284,292868
285,292900
286,292528
287,292416
288,291932
289,292196
290,292064
291,291888
292,291500
293,291684
294,291588
295,291168
296,290732
297,290908
298,290584
299,290696
300,290548
301,290404
302,289936
303,289904
304,289772
305,289468
306,289096
307,288984
308,288916
309,288900
310,288760
311,288624
312,288188
313,288536
314,288308
315,288212
316,287696
317,287856
318,287436
319,287580
320,287144
321,287304
322,287028
323,286980
324,286512
325,286816
326,286732
327,286348
328,285928
329,285928
330,285524
331,285428
332,285264
333,285168
334,285004
335,284812
336,284424
337,284672
338,284468
339,284412
340,283912
341,284168
342,283932
343,283860
344,283728
345,283376
346,283004
347,283068
348,282904
349,282808
350,282388
351,282532
352,282128
353,282448
354,281932
355,282188
356,281952
357,282048
358,281660
359,281612
360,281504
361,281384
362,280964
363,281172
364,280720
365,280768
366,280604
367,280444
368,279928
369,280184
370,280056
371,280076
372,279896
373,279872
374,279484
375,279660
376,279240
377,279144
378,278972
379,278708
380,278336
381,278336
382,278148
383,277932
384,277760
385,277784
386,277660
387,277620
388,277328
389,277328
390,276876
391,276812
392,276392
393,276424
394,276180
395,276244
396,276080
397,276064
398,275772
399,275916
400,275640
401,275656
402,275412
403,275268
404,274880
405,275064
406,274960
407,274596
408,274468
409,274500
410,274312
411,274192
412,273964
413,273836
414,273592
415,273680
416,273516
417,273244
418,273080
419,272728
420,272540
421,272540
422,272216
423,272024
424,271796
425,271716
426,271296
427,271328
428,271052
429,271164
430,270712
431,270976
432,270556
433,270884
434,270496
435,270752
436,270300
437,270500
438,270336
439,270112
440,269740
441,269804
442,269632
443,269608
444,269372
445,269444
446,269136
447,269104
448,268860
449,268812
450,268392
451,268736
452,268220
453,268664
454,268412
455,268444
456,268200
457,268272
458,267804
459,268052
460,267744
461,267632
462,267196
463,267356
464,267284
465,267048
466,266548
467,266948
468,266624
469,266856
470,266644
471,266768
472,266564
473,266268
474,266040
475,266048
476,265596
477,265820
478,265416
479,265680
480,265516
481,265180
482,264728
483,265016
484,264548
485,264628
486,264144
487,264464
488,264172
489,264300
490,264144
491,263816
492,263460
493,263668
494,263280
495,263392
496,262988
497,263296
498,262892
499,262988
500,262776
501,262696
502,262500
503,262556
504,262120
505,262152
506,261956
507,261668
508,261432
509,261592
510,261204
511,261076
512,260720
513,260816
514,260588
515,260628
516,260272
517,260552
518,260372
519,260196
520,259808
521,259824
522,259468
523,259372
524,259048
525,259000
526,258820
527,258596
528,258144
529,258208
530,257900
531,258112
532,257724
533,257596
534,257360
535,257256
536,257060
537,256916
538,256592
539,256400
540,256260
541,256164
542,255840
543,256044
544,255656
545,255560
546,255456
547,255420
548,254904
549,255016
550,254596
551,254788
552,254584
553,254400
554,254300
555,254260
556,253856
557,253872
558,253532
559,253596
560,253080
561,253112
562,253008
563,252692
564,252240
565,252336
566,251820
567,251868
568,251352
569,251624
570,251252
571,251316
572,250816
573,251088
574,250700
575,250732
576,250520
577,250408
578,249956
579,250252
580,250080
581,249912
582,249492
583,249620
584,249520
585,249456
586,249308
587,249100
588,248980
589,248920
590,248420
591,248532
592,248144
593,248408
594,247988
595,248220
596,247944
597,247752
598,247284
599,247460
600,247152
601,247104
602,246812
603,246940
604,246792
605,246472
606,246036
607,246004
608,245744
609,245864
610,245460
611,245524
612,245420
613,245264
614,245068
615,245148
616,244712
617,244936
618,244484
619,244564
620,244208
621,244456
622,244388
623,244220
624,243984
625,243928
626,243540
627,243508
628,243216
629,243404
630,243080
631,243128
632,242972
633,243020
634,242760
635,242916
636,242640
637,242576
638,242364
639,242500
640,242312
641,242320
642,241996
643,241836
644,241352
645,241624
646,241268
647,241220
648,240912
649,240784
650,240444
651,240656
652,240300
653,240540
654,240352
655,240392
656,239988
657,240312
658,240084
659,239860
660,239472
661,239704
662,239460
663,239636
664,239448
665,239248
666,238908
667,239100
668,238728
669,238632
670,238560
671,238260
672,237920
673,237776
674,237700
675,237276
676,236776
677,236984
678,236484
679,236596
680,236500
681,236376
682,236068
683,236196
684,236032
685,235888
686,235732
687,235708
688,235560
689,235336
690,234996
691,234964
692,234760
693,234512
694,234188
695,234268
696,234112
697,233832
698,233396
699,233668
700,233560
701,233392
702,233116
703,233280
704,233084
705,232876
706,232456
707,232504
708,232332
709,232292
710,231952
711,231968
712,231820
713,231500
714,231344
715,231096
716,230692
717,230860
718,230440
719,230776
720,230324
721,230580
722,230272
723,230240
724,229820
725,229740
726,229416
727,229504
728,229132
729,229004
730,228816
731,228616
732,228324
733,228308
734,228200
735,227904
736,227628
737,227484
738,227160
739,227048
740,226676
741,226692
742,226472
743,226384
744,226132
745,226012
746,225528
747,225892
748,225804
749,225584
750,225504
751,225164
752,224808
753,224712
754,224324
755,224460
756,224384
757,224280
758,223860
759,224156
760,223896
761,223816
762,223660
763,223676
764,223192
765,223256
766,223148
767,222868
768,222384
769,222772
770,222320
771,222632
772,222132
773,222260
774,221872
775,222176
776,221932
777,221820
778,221416
779,221560
780,221460
781,221076
782,220672
783,220656
784,220572
785,220268
786,219944
787,219816
788,219348
789,219588
790,219400
791,219480
792,219332
793,219108
794,218592
795,218608
796,218316
797,218348
798,217848
799,218152
800,217860
801,217716
802,217488
803,217536
804,217356
805,217380
806,217008
807,216944
808,216428
809,216876
810,216600
811,216584
812,216380
813,216068
814,215648
815,215808
816,215564
817,215572
818,215248
819,215120
820,214812
821,214812
822,214312
823,214328
824,214196
825,214084
826,213728
827,213944
828,213840
829,213740
830,213368
831,213504
832,213384
833,213396
834,213072
835,212960
836,212508
837,212636
838,212548
839,212524
840,212424
841,212416
842,211964
843,212092
844,211784
845,211672
846,211316
847,211220
848,211128
849,210784
850,210364
851,210572
852,210232
853,210232
854,209876
855,209812
856,209592
857,209520
858,209052
859,209412
860,209304
861,209088
862,208636
863,208796
864,208560
865,208456
866,208380
867,207940
868,207536
869,207632
870,207148
871,207460
872,207168
873,207272
874,207044
875,206996
876,206752
877,206544
878,206404
879,206268
880,206112
881,205896
882,205636
883,205380
884,205152
885,205072
886,204764
887,204716
888,204296
889,204628
890,204472
891,204320
892,203996
893,203980
894,203704
895,203752
896,203640
897,203316
898,203064
899,202944
900,202524
901,202572
902,202200
903,202184
904,201892
905,201684
906,201248
907,201424
908,201244
909,201052
910,200536
911,200632
912,200532
913,200356
914,199856
915,200208
916,200060
917,199996
918,199496
919,199704
920,199236
921,199300
922,198992
923,199048
924,198692
925,198580
926,198128
927,198160
928,197708
929,197740
930,197416
931,197480
932,197376
933,196964
934,196672
935,196768
936,196648
937,196396
938,195944
939,196024
940,195780
941,195836
942,195640
943,195616
944,195412
945,195292
946,195064
947,195168
948,195080
949,194748
950,194264
951,194456
952,194164
953,194132
954,193616
955,193680
956,193516
957,193260
958,192936
959,192904
960,192580
961,192452
962,192224
963,192348
964,192152
965,191896
966,191476
967,191508
968,190992
969,191216
970,190732
971,190796
972,190408
973,190536
974,190276
975,190020
976,189920
977,189872
978,189676
979,189420
980,189032
981,188968
982,188892
983,188836
984,188712
985,188688
986,188332
987,188540
988,188456
989,188152
990,187732
991,187732
992,187568
993,187248
994,187036
995,186764
996,186280
997,186248
998,185828
999,185956
